,Place_ID,Monday_Open,Monday_Close,Tuesday_Open,Tuesday_Close,Wednesday_Open,Wednesday_Close,Thursday_Open,Thursday_Close,Friday_Open,Friday_Close,Saturday_Open,Saturday_Close,Sunday_Open,Sunday_Close
0,ChIJ8b3du_dZei4R5Csj9BqdzsM,08.00,22.00,08.00,22.00,08.00,22.00,08.00,22.00,08.00,22.00,08.00,22.00,08.00,22.00
1,ChIJ-1OO3xhZei4RpiUw_jIlPBQ,08.00,22.00,08.00,22.00,08.00,22.00,08.00,22.00,08.00,23.00,08.00,23.00,08.00,23.00
2,ChIJAbDRQ7pZei4Rm8oXtJg74k8,,,,,,,,,,,,,,
3,ChIJWW-U4vlZei4RHX6ILzVTvcA,09.00,21.00,09.00,21.00,09.00,21.00,09.00,21.00,09.00,21.00,09.00,22.00,09.00,22.00
4,ChIJq6pHmTBYei4RlTjahkZgUlY,,,,,,,,,,,,,,
5,ChIJA-zy0qBZei4RyH8n10ESStY,,,,,,,,,,,,,,
6,ChIJc_LsfTBYei4R2ZbyfvHGvYw,16.00,01.30,16.00,01.30,16.00,01.30,16.00,01.30,16.00,01.30,16.00,01.30,16.00,01.30
7,ChIJ4x0W_y9Yei4RwOOXaCgV1AA,10.00,00.00,10.00,00.00,10.00,00.00,10.00,00.00,10.00,00.00,10.00,00.00,10.00,00.00
8,ChIJNYG2v7BZei4R8Z6vW-rHloU,00.00,23.59,00.00,23.59,00.00,23.59,00.00,23.59,00.00,23.59,00.00,23.59,00.00,23.59
9,ChIJbb1fhSVYei4Rb7iTdfesaPI,15.00,02.00,15.00,02.00,15.00,02.00,15.00,02.00,15.00,02.00,15.00,02.00,15.00,02.00
10,ChIJ0YNPCoZZei4R7XSUCANUsnw,00.00,23.59,00.00,23.59,00.00,23.59,00.00,23.59,00.00,23.59,00.00,23.59,00.00,23.59
11,ChIJMQ9aADBYei4RAf2G1DIBthw,09.00,22.00,09.00,22.00,09.00,22.00,09.00,22.00,09.00,22.00,09.00,22.00,09.00,22.00
12,ChIJ8WrZ_olZei4R4gdrKP4mrQ4,09.00,21.00,09.00,21.00,09.00,21.00,09.00,21.00,09.00,21.00,09.00,21.00,09.00,21.00
13,ChIJgXaAPt9Zei4R9K0AVjWhUac,12.00,22.00,12.00,22.00,12.00,22.00,12.00,22.00,12.00,22.00,12.00,22.00,12.00,22.00
14,ChIJ-XQW5GRZei4Rqo3-9FJkZ34,16.00,02.30,16.00,02.30,16.00,02.30,16.00,02.30,16.00,02.30,16.00,02.30,16.00,02.30
15,ChIJj9cfEiVZei4RvtOqDmIKyVE,10.00,00.00,10.00,00.00,10.00,00.00,10.00,00.00,10.00,00.00,10.00,00.00,10.00,00.00
16,ChIJycBiwr5Zei4Rhd7p2_cW6Zw,13.00,00.00,13.00,00.00,13.00,00.00,13.00,00.00,13.00,00.00,07.00,00.00,07.00,00.00
17,ChIJwzwbfTpYei4RuZ5IQtT8LXc,12.00,23.59,12.00,23.59,12.00,23.59,12.00,23.59,12.00,23.59,12.00,23.59,12.00,23.59
18,ChIJ371OKKBZei4RRssItxdLR5I,14.00,22.00,14.00,22.00,14.00,22.00,14.00,22.00,14.00,00.00,14.00,00.00,Close,Close
19,ChIJH7PbgDBYei4R2hU832b_3LA,08.00,01.00,08.00,01.00,08.00,01.00,08.00,01.00,13.00,01.00,07.00,01.30,08.00,01.00
20,ChIJyff7yXVXei4RgIxBaCM9e2c,Close,Close,12.00,23.00,12.00,23.00,12.00,23.00,12.00,23.00,12.00,23.00,12.00,23.00
21,ChIJfauYPNlXei4Rs97XEt6Cihw,Close,Close,10.00,18.00,10.00,18.00,10.00,18.00,10.00,18.00,10.00,18.00,10.00,18.00
22,ChIJ-fz4lT1Xei4RQbzUq82p2EU,07.00,22.00,07.00,22.00,07.00,22.00,07.00,22.00,07.00,22.00,07.00,22.00,07.00,22.00
23,ChIJu3TwQcRZei4RNxcUTwE6AJI,15.00,23.30,15.00,23.30,15.00,23.30,10.00,23.30,15.00,23.30,15.00,23.30,15.00,23.30
24,ChIJQ2aVkI9Xei4RnZIJFH9yaN8,17.00,00.00,17.00,00.00,17.00,00.00,17.00,00.00,17.00,00.00,17.00,00.00,17.00,00.00
25,ChIJ51fI4pNXei4RvPYohabbBEU,08.00,22.00,08.00,22.00,08.00,22.00,08.00,22.00,08.00,22.00,08.00,22.00,08.00,22.00
26,ChIJ97FVU4VXei4RzGCItt0p-BI,09.00,23.30,09.00,23.30,09.00,23.30,09.00,23.30,09.00,23.30,09.00,23.30,09.00,23.30
27,ChIJ12iZq5ZXei4RgQuh1QR2C3c,12.00,23.00,12.00,23.00,12.00,23.00,12.00,23.00,12.00,23.00,12.00,23.00,12.00,23.00
28,ChIJbUsV0ZNXei4RBne6KNjbIlo,09.30,17.00,09.30,17.00,09.30,17.00,09.30,17.00,09.30,17.00,09.30,17.00,09.30,17.00
29,ChIJ-wPdGPJXei4RqDLhC6w0HWg,07.00,23.00,07.00,23.00,07.00,23.00,07.00,23.00,07.00,23.00,07.00,23.00,07.00,23.00
30,ChIJmzNzkOpXei4RPhaWDFKPAxs,Close,Close,15.00,20.00,15.00,20.00,15.00,20.00,15.00,20.00,14.00,20.00,Close,Close
31,ChIJzfDAL5JXei4RB_2bokRgwJ0,09.00,17.00,09.00,17.00,09.00,17.00,09.00,17.00,09.00,17.00,09.00,17.00,09.00,17.00
32,ChIJr6inCWRXei4Rws16u0e8YnA,,,,,,,,,,,,,,
33,ChIJn9kwDkZXei4R16WtM5JVI5w,,,,,,,,,,,,,,
34,ChIJkZEFjmBXei4Rji2hgcqG9MU,16.00,01.00,16.00,01.00,16.00,01.00,16.00,01.00,16.00,01.00,16.00,01.00,16.00,01.00
35,ChIJyzl7G_1Xei4RPn7I1meS0rU,09.00,00.00,09.00,00.00,09.00,00.00,09.00,00.00,09.00,00.00,09.00,00.00,09.00,00.00
36,ChIJy9p4NZFXei4R6nWnzYOQnKg,16.00,00.00,16.00,00.00,16.00,00.00,16.00,00.00,16.00,00.00,16.00,00.00,16.00,00.00
37,ChIJ-7bqq6lXei4RhCzUxYM12Yg,16.06,00.07,16.06,00.07,16.06,00.07,16.06,00.07,16.06,00.07,16.06,00.07,16.00,00.10
38,ChIJVVVVVZpXei4RHH2DNvYv4DM,00.00,23.59,00.00,23.59,00.00,23.59,00.00,23.59,00.00,23.59,00.00,23.59,00.00,23.59
39,ChIJE-ZvnI9Xei4RNOPrrEA4tsM,16.00,00.00,16.00,23.30,16.00,00.00,16.00,00.00,16.00,00.00,16.00,00.00,16.00,00.00
40,ChIJN6_Xz3Pjei4RbVCmtbzGjOc,09.00,17.00,09.00,17.00,09.00,17.00,09.00,17.00,09.00,17.00,09.00,18.00,09.00,17.00
41,ChIJv5GA-Xfjei4R3pKsAWO9tiE,06.00,20.00,06.00,20.00,06.00,20.00,06.00,20.00,06.00,20.00,06.00,20.00,06.00,20.00
42,ChIJ9-cxaLrjei4RrJPRK4EZ1J8,06.00,18.00,06.00,18.00,06.00,18.00,06.00,18.00,06.00,18.00,06.00,18.00,06.00,18.00
43,ChIJjfXphh_jei4RJV271cW5lZM,,,,,,,,,,,,,,
44,ChIJ25JsWI_jei4Rpmn5VDDs_LU,,,,,,,,,,,,,,
45,ChIJ67sCmV_jei4RNiXrAesgVQ8,09.00,18.00,09.00,18.00,Close,Close,09.00,18.00,09.00,18.00,09.00,18.00,09.00,18.00
46,ChIJQytpcL3jei4Ruk172oEiPk4,,,,,,,,,,,,,,
47,ChIJiw-jaBHjei4R-1Q8qQSvk3w,08.00,15.00,08.00,15.00,08.00,15.00,08.00,15.00,08.00,15.00,Close,Close,Close,Close
48,ChIJ6QGCu_Tlei4RbxCSms4lYN8,07.30,21.30,07.30,21.30,07.30,21.30,07.30,21.30,07.30,21.30,07.30,21.30,07.30,21.30
49,ChIJibYrcHvjei4RoLtHlNASvVA,07.00,20.00,07.00,20.00,07.00,20.00,07.00,20.00,07.00,20.00,07.00,20.00,07.00,20.00
50,ChIJgc3ftHbjei4Rs26-En-lr9E,16.00,01.00,16.00,01.00,16.00,01.00,16.00,01.00,16.00,01.00,16.00,01.00,16.00,01.00
51,ChIJT70h2qvjei4RMIQzARf0D74,,,,,,,,,,,,,,
52,ChIJ_QfoBbrlei4R5J6A9agTVpU,10.00,23.00,10.00,23.00,10.00,23.00,10.00,23.00,Close,Close,10.00,23.00,10.00,23.00
53,ChIJB7kWsMXlei4RXXZsvIJl5H4,,,,,,,,,,,,,,
54,ChIJUdoZYcHjei4RpngV597-Wqc,00.00,23.59,00.00,23.59,00.00,23.59,00.00,23.59,00.00,23.59,00.00,23.59,00.00,23.59
55,ChIJk5mlx3Dkei4R6qbkrzjBp5w,18.00,02.00,18.00,02.00,18.00,02.00,18.00,02.00,18.00,02.00,18.00,02.00,18.00,00.00
56,ChIJN_B4K13jei4RHfuCeHw2iBo,05.00,18.00,05.00,18.00,05.00,18.00,05.00,18.00,05.00,18.00,05.00,18.00,05.00,18.00
57,ChIJjwwnwdTjei4RxmZ8mnh-5iY,17.00,00.00,17.00,00.00,17.00,00.00,17.00,00.00,17.00,00.00,17.00,00.00,17.00,00.00
58,ChIJQdv6ziP7ei4RvDkASKT5P-s,10.00,22.00,10.00,22.00,10.00,22.00,10.00,22.00,10.00,22.00,10.00,22.00,10.00,22.00
59,ChIJy1SPFJbvei4Rf3XBQ2u4xoo,12.00,20.00,12.00,20.00,12.00,20.00,12.00,20.00,12.00,19.00,12.00,20.00,12.00,20.00
60,ChIJpxYOqaZZei4R6cjGw2ymoMo,09.00,15.30,09.00,15.30,09.00,15.30,09.00,15.30,09.00,15.30,09.00,15.30,09.00,15.30
61,ChIJLxsiXtJZei4RLxJtpnDu3Wc,08.00,23.00,08.00,23.00,08.00,23.00,08.00,23.00,08.00,23.00,11.00,23.00,11.00,23.00
62,ChIJOYDQoVhYei4RVcV1ENsUAJ8,00.00,23.59,00.00,23.59,00.00,23.59,00.00,23.59,00.00,23.59,00.00,23.59,00.00,23.59
63,ChIJJVmZmdpZei4RmncpV-qvi-Q,08.00,00.00,08.00,00.00,08.00,00.00,08.00,00.00,08.00,00.00,08.00,00.00,16.00,00.00
64,ChIJE-fxb6lZei4RYOlw_-HkZA8,17.00,22.00,17.00,22.00,17.00,22.00,17.00,22.00,17.00,22.00,17.00,22.00,17.00,22.00
65,ChIJ-VZXtXdZei4R87hWiz5QC3A,11.00,20.00,11.00,20.00,11.00,20.00,11.00,20.00,11.00,20.00,11.00,20.00,11.00,20.00
66,ChIJwXzqrO5Zei4RYMS74R9ygyY,10.00,00.00,10.00,00.00,10.00,00.00,10.00,00.00,10.00,00.00,10.00,00.00,Close,Close
67,ChIJmfpnE1NZei4RMJvuWMhFE6g,10.00,21.00,10.00,21.00,10.00,21.00,10.00,21.00,10.00,21.00,09.00,21.00,Close,Close
68,ChIJeaYrs55Zei4RwKIzR-g7slk,09.00,23.00,09.00,23.00,09.00,23.00,09.00,23.00,09.00,23.00,09.00,23.00,09.00,23.00
69,ChIJ2yNz5ytXei4RpsHF1wAVPdw,00.00,23.59,00.00,23.59,00.00,23.59,00.00,23.59,00.00,23.59,00.00,23.59,00.00,23.59
70,ChIJo9VseHxZei4RmLNuHMdOgPw,00.00,23.59,00.00,23.59,00.00,23.59,00.00,23.59,00.00,23.59,00.00,23.59,00.00,23.59
71,ChIJ_UA7yZlZei4RLDHFeBI4vEM,,,,,,,,,,,,,,
72,ChIJFbgLqvRZei4R8vA6n94hPlQ,09.00,22.30,09.00,22.30,09.00,22.30,09.00,22.30,09.00,22.30,09.00,22.30,09.00,22.30
73,ChIJ3RljhQtZei4ReFjQ-aoXzns,08.00,23.30,08.00,23.30,08.00,23.30,08.00,23.30,08.00,23.30,08.00,23.30,08.00,23.30
74,ChIJ_4AdicZZei4RmmMVJcQxl6c,10.00,02.00,10.00,02.00,10.00,02.00,10.00,02.00,10.00,02.00,10.00,02.00,10.00,02.00
75,ChIJSaGZeVpZei4RHAS98wFUqko,10.00,22.00,09.00,22.00,10.00,22.00,10.00,22.00,10.00,22.00,09.00,22.00,10.00,22.00
76,ChIJ0zqqgqZZei4RYhYqlkrlrVo,17.00,23.00,17.00,22.30,17.00,23.00,17.00,23.00,17.00,23.00,17.00,23.00,17.00,23.00
77,ChIJKVXcoytZei4RRppxFIdxa3k,Close,Close,13.00,22.00,13.00,22.00,13.00,22.00,13.00,22.00,13.00,22.00,13.00,22.00
78,ChIJHX8am5tZei4R1Txxuo5m8YY,11.00,22.00,11.00,22.00,11.00,22.00,11.00,22.00,11.00,22.00,11.00,22.00,11.00,22.00
79,ChIJUc0EPbtZei4RCkNXuEKccEA,09.00,01.00,09.00,01.00,09.00,01.00,09.00,01.00,09.00,01.00,09.00,01.00,09.00,01.00
80,ChIJ-w412LRZei4RoBly9VoTwuM,08.00,16.00,08.00,16.00,08.00,16.00,08.00,16.00,08.00,16.00,Close,Close,Close,Close
81,ChIJHWllWrNZei4RmaIs5LBHLIc,10.00,16.00,10.00,16.00,10.00,16.00,10.00,16.00,10.00,16.00,Close,Close,Close,Close
82,ChIJ-dlUxrRZei4RyKpKHQQReFA,10.00,16.00,10.00,16.00,10.00,16.00,10.00,16.00,10.00,16.00,Close,Close,Close,Close
83,ChIJQ7ZsSPZZei4RNJ-pyCBbhyY,07.00,18.00,07.00,18.00,07.00,18.00,07.00,18.00,07.00,18.00,07.00,18.00,07.00,18.00
84,ChIJGezYDt9Zei4RchUwEa9xu2c,08.00,21.00,08.00,21.00,08.00,21.00,08.00,21.00,08.00,21.00,08.00,21.00,Close,Close
85,ChIJfb5_F2BZei4RNuloN1MyxeI,08.00,23.00,08.00,23.00,08.00,23.00,08.00,23.00,08.00,23.00,08.00,00.00,08.00,00.00
86,ChIJgbfOZjRYei4RgtVB5W3lH2g,11.00,23.00,11.00,23.00,11.00,23.00,11.00,23.00,11.00,23.00,11.00,00.00,11.00,23.00
87,ChIJR9ZkhZRZei4RNdf8Ba8rNYk,08.00,22.30,08.00,22.30,08.00,22.30,08.00,22.30,08.00,22.30,08.00,22.30,08.00,22.30
88,ChIJ7e8eymVZei4RaAXq_xnHFB4,12.00,21.00,12.00,21.00,12.00,21.00,12.00,21.00,12.00,21.00,12.00,21.00,Close,Close
89,ChIJrQv6ZktYei4R4LeV2ZKcqdg,00.00,23.59,00.00,23.59,00.00,23.59,00.00,23.59,00.00,23.59,00.00,23.59,00.00,23.59
90,ChIJS9YGVstZei4RoLUnDQ5UTCc,08.00,20.00,08.00,20.00,08.00,20.00,08.00,20.00,08.00,20.00,08.00,20.00,08.00,20.00
91,ChIJ4xH2HrFZei4RHbqM6uR5Fi8,15.00,01.00,15.00,01.00,15.00,01.00,15.00,01.00,15.00,01.00,15.00,01.00,15.00,00.00
92,ChIJHcoTb4BZei4RxA3ibBrmUA8,08.00,22.00,08.00,22.00,08.00,22.00,08.00,22.00,08.00,22.00,08.00,22.00,08.00,22.00
93,ChIJMcS9UWhZei4RX2ItQbobdGs,08.00,22.00,08.00,22.00,08.00,22.00,08.00,22.00,08.00,22.00,08.00,22.00,08.00,22.00
94,ChIJM1Kwqctfei4RwcydCM40Hbw,07.00,23.00,07.00,23.00,07.00,23.00,07.00,23.00,07.00,23.00,07.00,23.00,07.00,23.00
95,ChIJJ5csXqxZei4R5E53W3wFC98,08.00,23.00,08.00,23.00,08.00,23.00,08.00,23.00,08.00,23.00,08.00,00.00,08.00,23.00
96,ChIJTwZhrFNYei4R00VBFwD35ZI,09.00,23.00,09.00,23.00,09.00,23.00,09.00,23.00,09.00,23.00,09.00,23.00,09.00,23.00
97,ChIJ5zoRUyRZei4RV91NA020L8k,09.00,23.00,09.00,23.00,09.00,23.00,09.00,23.00,09.00,23.00,09.00,23.00,09.00,23.00
98,ChIJ0XCxKl9Zei4RQU5noD6ScU8,09.00,00.00,09.00,00.00,09.00,00.00,09.00,00.00,09.00,00.00,09.00,00.00,09.00,00.00
99,ChIJRdiSfclZei4R0XJxvFn1o3A,10.00,21.00,10.00,21.00,10.00,21.00,10.00,21.00,10.00,21.00,10.00,21.00,10.00,21.00
100,ChIJNa6cb7ZZei4R82akWhknyt8,09.00,22.00,09.00,22.00,09.00,22.00,09.00,22.00,09.00,22.00,09.00,22.00,09.00,22.00
101,ChIJezV4H2RZei4RfrbJIk2EqO4,00.00,23.59,00.00,23.59,00.00,23.59,00.00,23.59,00.00,23.59,00.00,23.59,00.00,23.59
102,ChIJVapN4JpZei4RcWg8IfiJlRw,,,,,,,,,,,,,,
103,ChIJ28qGzUxZei4RENmJ_POa1CA,09.00,23.00,09.00,23.00,09.00,23.00,09.00,23.00,09.00,23.00,09.00,23.00,09.00,23.00
104,ChIJaZf12R5Zei4R7FA67p9nm1c,08.00,23.00,08.00,23.00,08.00,23.00,08.00,23.00,08.00,23.00,08.00,23.00,08.00,23.00
105,ChIJPQ5vhhZZei4RWED_xRyBtWI,10.00,01.00,10.00,01.00,10.00,01.00,10.00,01.00,10.00,01.00,10.00,01.00,10.00,01.00
106,ChIJa6q2l_9Zei4RFV798Fk0ssU,10.00,23.00,Close,Close,10.00,23.00,10.00,23.00,10.00,23.00,10.00,23.00,10.00,23.00
107,ChIJK03X8MpZei4RbT0c4g1Jj7U,09.00,23.30,09.00,23.30,09.00,23.30,09.00,23.30,09.00,23.30,09.00,23.30,09.00,23.30
108,ChIJRxjMo8ZZei4RsktewaZ01ao,09.00,01.00,09.00,01.00,09.00,01.00,09.00,01.00,09.00,01.00,09.00,01.00,09.00,01.00
109,ChIJQ0xdfsdZei4R7brC65XjZq0,08.00,23.00,08.00,23.00,08.00,23.00,08.00,23.00,08.00,23.00,08.00,23.00,08.00,23.00
110,ChIJwYfsrwdZei4RmTWBamXsYzo,09.00,22.00,09.00,21.00,09.00,22.00,09.00,22.00,09.00,22.00,09.00,22.00,09.00,22.00
111,ChIJI9LzDbZZei4RitX3f9RE6s8,10.00,16.00,10.00,16.00,10.00,16.00,10.00,16.00,10.00,16.00,10.00,16.00,Close,Close
112,ChIJT4C2kUZZei4RDc-3-pd3dsY,09.00,00.00,09.00,00.00,09.00,00.00,09.00,00.00,09.00,00.00,09.00,00.00,09.00,00.00
113,ChIJHUbu2EdZei4R-00ZbQzVotU,10.00,00.00,10.00,00.00,10.00,00.00,10.00,00.00,10.00,00.00,10.00,00.00,10.00,00.00
114,ChIJ-z3rHQZZei4RV56QRz6t7Wg,09.00,00.00,09.00,00.00,09.00,00.00,09.00,00.00,09.00,00.00,09.00,00.00,09.00,00.00
115,ChIJLRkcicZZei4ReNTG9wQChos,10.00,00.00,10.00,00.00,10.00,00.00,10.00,00.00,10.00,00.00,10.00,00.00,10.00,00.00
116,ChIJVRf53J8Aey4R6HeAu6FrEuM,08.00,02.00,08.00,02.00,08.00,02.00,08.00,02.00,08.00,02.00,08.00,02.00,08.00,02.00
117,ChIJT2G5C-4Bey4RF229hMb8nMI,,,,,,,,,,,,,,
118,ChIJb6p5FnYBey4RqGwrrLiWzJs,16.00,00.00,16.00,00.00,16.00,00.00,16.00,00.00,16.00,00.00,08.00,00.00,08.00,00.00
119,ChIJ78JrDTKrey4RGdLulYrFzbY,,,,,,,,,,,,,,
120,ChIJ-2etA9ABey4RU42x6nFD9WU,00.00,23.59,00.00,23.59,00.00,23.59,00.00,23.59,00.00,23.59,00.00,23.59,00.00,23.59
121,ChIJ4fuAdZ8Aey4RYNBNn-NEFGA,00.00,23.59,00.00,23.59,00.00,23.59,00.00,23.59,00.00,23.59,00.00,23.59,00.00,23.59
122,ChIJkZPCGp8Aey4RvxeFSsPS5W0,00.00,23.59,00.00,23.59,00.00,23.59,00.00,23.59,00.00,23.59,00.00,23.59,00.00,23.59
123,ChIJf12tTJ4Aey4RVWk5JDdChEk,05.00,19.00,05.00,19.00,05.00,19.00,05.00,19.00,05.00,19.00,05.00,19.00,05.00,19.00
124,ChIJhxlbB2sBey4Rd_mrw7i6OaU,,,,,,,,,,,,,,
125,ChIJE5n1K58Aey4RLQwDvRIuWiQ,00.00,23.59,00.00,23.59,00.00,23.59,00.00,23.59,00.00,23.59,00.00,23.59,00.00,23.59
126,ChIJPdDmIOMBey4RPTKt8iiDYJA,,,,,,,,,,,,,,
127,ChIJV2WYuherey4RKwKcD_GQ_Q4,,,,,,,,,,,,,,
128,ChIJdXKNIwuqey4R46EIaDfOkbM,,,,,,,,,,,,,,
129,ChIJr8VgoBYBey4RPgC9oYEES0M,,,,,,,,,,,,,,
130,ChIJsbPIDX8Bey4RPPFpxdREz4U,15.00,22.00,15.00,22.00,15.00,22.00,15.00,21.00,15.00,00.00,15.00,00.00,Close,Close
131,ChIJS6KJDSkBey4RjBNGjB2-Kxs,00.00,23.59,00.00,23.59,00.00,23.59,00.00,23.59,00.00,23.59,00.00,23.59,00.00,23.59
132,ChIJ5YF5RWwBey4R-BoB2HlWWSs,,,,,,,,,,,,,,
133,ChIJa6fDq_2rey4RDfAo0HoAbaM,14.00,23.00,Close,Close,14.00,23.00,14.00,23.00,14.00,23.00,14.00,23.00,14.00,23.00
134,ChIJU39AYwyqey4RXFIG9IudN8M,09.00,20.00,09.00,20.00,09.00,20.00,09.00,20.00,09.00,20.00,09.00,20.00,09.00,20.00
135,ChIJOYVyjqkBey4RpSOaFyIhKls,07.30,17.30,07.30,17.30,07.30,17.30,07.30,17.30,07.30,17.30,07.30,17.30,07.30,17.30
136,ChIJKTTp059bei4RKbmaYe2DVqc,10.00,21.00,10.00,21.00,10.00,21.00,10.00,21.00,10.00,21.00,10.00,21.00,Close,Close
137,ChIJMWkbvnVbei4R24WkW1g4in4,10.00,22.00,10.00,22.00,10.00,22.00,10.00,22.00,10.00,22.00,10.00,22.00,Close,Close
138,ChIJjSpLOLNbei4R1MONfMmN1-o,18.00,00.00,18.00,00.00,Close,Close,18.00,00.00,18.00,00.00,18.00,00.00,18.00,00.00
139,ChIJeSRxrOlbei4RZoUOsJoKhDE,10.00,21.00,10.00,21.00,10.00,21.00,10.00,21.00,10.00,21.00,10.00,21.00,10.00,21.00
140,ChIJs-e74Ihbei4R0xYwqyguij0,,,,,,,,,,,,,,
141,ChIJhSRJF-daei4R6FfrCyPPybE,00.00,23.59,00.00,23.59,00.00,23.59,00.00,23.59,00.00,23.59,00.00,23.59,00.00,23.59
142,ChIJeVvZYbRbei4R0Oen5-mtvx0,09.00,21.00,09.00,21.00,09.00,21.00,09.00,21.00,09.00,21.00,08.00,21.00,08.00,21.00
143,ChIJh7g66-Faei4Ra4G6wWJFSVA,09.00,17.00,09.00,17.00,09.00,17.00,09.00,17.00,09.00,17.00,09.00,17.00,09.00,17.00
144,ChIJm5YEmQhbei4RV5D59a-OarI,,,,,,,,,,,,,,
145,ChIJW89Hosxbei4R_jLguRjFlnY,15.00,00.00,15.00,00.00,15.00,00.00,15.00,00.00,15.00,00.00,15.00,00.00,15.00,00.00
146,ChIJ1S991htbei4RGll7g6aWIsY,04.00,00.00,04.00,00.00,04.00,00.00,04.00,00.00,04.00,00.00,04.00,00.00,04.00,00.00
147,ChIJi9Ssfe1bei4RpavVWymV5t0,08.00,21.00,08.00,21.00,08.00,21.00,08.00,21.00,08.00,21.00,08.00,21.00,Close,Close
148,ChIJwbFXBOOqGgURSAekPjxdTUs,10.00,17.30,10.00,15.00,10.00,17.30,10.00,15.00,10.00,15.00,07.00,15.00,07.00,17.30
149,ChIJ1WmgnDxbei4R6O339nsucgk,15.00,22.00,15.00,22.00,15.00,22.00,15.00,22.00,15.00,22.00,15.00,22.00,15.00,22.00
150,ChIJT6_Y67Rbei4Rd-BPK1DiHPk,10.00,22.00,10.00,22.00,10.00,22.00,10.00,22.00,10.00,22.00,10.00,22.00,10.00,22.00
151,ChIJUZJCt5hbei4RpGHOvHc5tsQ,,,,,,,,,,,,,,
152,ChIJ-UhWzNZbei4Rd1P09xwuUY0,10.00,21.00,08.00,21.00,10.00,21.00,08.00,21.00,08.00,21.00,08.00,21.00,10.00,22.00
153,ChIJ94jeWt5aei4RzjGh11KmctM,14.00,21.00,14.00,21.00,14.00,21.00,14.00,21.00,14.00,21.00,14.00,21.00,14.00,21.00
154,ChIJfWi4cAxbei4RyMl7QpA5EwU,09.00,23.00,09.00,23.00,09.00,23.00,09.00,23.00,09.00,23.00,09.00,23.00,09.00,23.00
155,ChIJDc4stSNbei4RV8-M0Ncy51Y,09.00,22.00,09.00,22.00,09.00,22.00,09.00,22.00,09.00,22.00,09.00,22.00,09.00,22.00
156,ChIJW3qqdF9Zei4R__z2cQjHXQA,11.00,22.00,11.00,22.00,11.00,22.00,11.00,22.00,11.00,22.00,11.00,22.00,11.00,22.00
157,ChIJ6yf1WiRYei4RZNWve1zo5z4,00.00,23.59,00.00,23.59,00.00,23.59,00.00,23.59,00.00,23.59,00.00,23.59,00.00,23.59
158,ChIJXRP5TCRYei4RZE_t4JXac3M,00.00,23.59,00.00,23.59,00.00,23.59,00.00,23.59,00.00,23.59,00.00,23.59,00.00,23.59
159,ChIJu9dtcTBYei4R9xN1qL4ADlI,05.10,21.00,05.10,21.00,05.10,21.00,05.10,21.00,05.10,21.00,05.10,21.00,05.10,21.00
160,ChIJU7vbeDpYei4R745ulpnklV8,18.00,00.00,18.00,00.00,18.00,00.00,18.00,00.00,18.00,00.00,18.00,00.00,18.00,00.00
161,ChIJU6EsZTpYei4R9lvG3M9zrss,16.30,22.30,16.30,22.30,16.30,22.30,16.30,22.30,16.30,22.30,16.30,22.30,16.30,22.30
162,ChIJKzX1KWpZei4RaREvlF9dfz8,08.00,23.00,09.00,23.00,09.00,23.00,09.00,23.00,09.00,23.00,09.00,23.00,09.00,23.00
163,ChIJu3Iju_JZei4Rp4lHMhTTQhM,09.00,21.00,09.00,21.00,09.00,21.00,09.00,21.00,09.00,21.00,09.00,21.00,09.00,21.00
164,ChIJAc6cnmtZei4RWw5l_UGCy5E,06.00,14.00,06.00,14.00,06.00,14.00,06.00,14.00,06.00,14.00,06.00,14.00,06.00,14.00
165,ChIJT-p9AJRZei4Ri7T4Sdn_KDI,00.00,23.59,00.00,23.59,00.00,23.59,00.00,23.59,00.00,23.59,00.00,23.59,00.00,23.59
166,ChIJIaXI-ahZei4Rq1kqDh3QeZk,12.00,00.00,12.00,00.00,12.00,00.00,12.00,00.00,12.00,00.00,12.00,00.00,12.00,00.00
167,ChIJMw6Ee0JZei4RRSLB5zVtCuE,11.30,21.00,11.30,21.00,11.30,21.00,11.30,21.00,11.00,23.00,11.00,23.00,11.00,23.00
168,ChIJBXqGczdYei4RsjWM7uxZySA,09.00,20.00,09.00,20.00,09.00,20.00,09.00,20.00,09.00,20.00,09.00,20.00,09.00,20.00
169,ChIJg-gocxlZei4RH24GrJ9DVoU,11.00,23.00,11.00,23.00,11.00,23.00,11.00,23.00,11.00,23.00,11.00,23.00,11.00,23.00
170,ChIJA_TX9i9Yei4REZL_Vpyx0d0,09.00,21.00,09.00,21.00,09.00,21.00,09.00,21.00,09.00,21.00,09.00,21.00,09.00,21.00
171,ChIJyXpiVRRZei4RdPHSiFKNkqM,00.00,23.59,00.00,23.59,00.00,23.59,00.00,23.59,00.00,23.59,00.00,23.59,00.00,23.59
172,ChIJzd-rfDpYei4ROf1Ymv0J73M,16.00,23.00,16.00,23.00,16.00,23.00,16.00,23.00,16.00,23.00,16.00,23.00,16.00,23.00
173,ChIJl53_sYlZei4R-CWZpG7De4A,08.00,22.00,08.00,22.00,08.00,22.00,08.00,22.00,08.00,22.00,08.00,22.00,08.00,22.00
174,ChIJgwYLhRhZei4RSHqxAosshW4,17.00,00.00,17.00,00.00,17.00,00.00,17.00,00.00,17.00,00.00,17.00,00.00,17.00,00.00
175,ChIJH03CYY1Xei4RTDTe65njvUk,10.00,22.00,10.00,22.00,10.00,22.00,10.00,22.00,10.00,22.00,10.00,22.00,11.00,21.00
176,ChIJg3CaIY5Xei4RrT-hva7-Tlc,09.00,17.00,09.00,17.00,09.00,17.00,09.00,17.00,09.00,17.00,09.00,17.00,09.00,17.00
177,ChIJQ0TDfJpXei4RzEK9QFANA-I,17.00,22.00,17.15,22.00,17.15,22.00,17.15,22.00,17.15,22.00,17.15,22.00,17.15,22.00
178,ChIJVVVV5ZNXei4RQ7VP10KBjvI,Close,Close,10.00,22.00,10.00,22.00,10.00,22.00,10.00,22.00,10.00,22.00,10.00,22.00
179,ChIJBeNrKoxXei4RAyQptQpP_pc,10.00,17.00,10.00,17.00,10.00,17.00,10.00,17.00,10.00,17.00,10.00,17.00,10.00,17.00
180,ChIJHwz-Po5Xei4R-N7qyxtHbGE,11.00,21.00,11.00,21.00,11.00,21.00,Close,Close,11.00,21.00,11.00,21.00,11.00,21.00
181,ChIJnzVRVoVXei4RJ9QzCjqFRDw,05.00,20.00,05.00,20.00,05.00,20.00,05.00,20.00,05.00,20.00,05.00,20.00,05.00,20.00
182,ChIJxWtbvYdXei4RUQmGKKy3T_E,08.00,16.00,08.00,16.00,08.00,16.00,08.00,16.00,08.00,16.00,08.00,16.00,08.00,16.00
183,ChIJyeEZeL5Xei4RoqmIq02SNkE,00.00,23.59,00.00,23.59,00.00,23.59,00.00,23.59,00.00,23.59,00.00,23.59,00.00,23.59
184,ChIJJ6Mb05BXei4RXrBRXdq0-lk,Close,Close,16.00,23.00,16.00,23.00,16.00,23.00,16.00,23.00,16.00,23.00,16.00,23.00
185,ChIJgzzGYYVXei4RS49c3xSRo4k,07.00,22.00,07.00,22.00,07.00,22.00,07.00,22.00,07.00,22.00,07.00,22.00,07.00,22.00
186,ChIJpVVQ9qhXei4RNGoYw4mEetY,09.00,15.00,09.00,15.00,09.00,15.00,09.00,15.00,09.00,15.00,09.00,15.00,09.00,15.00
187,ChIJI7HNz5pXei4R1NJ-7Tqz7Jc,00.00,23.59,00.00,23.59,00.00,23.59,00.00,23.59,00.00,23.59,00.00,23.59,00.00,23.59
188,ChIJK1iTgZpXei4ROLKLxDVflS4,07.00,14.00,07.00,14.00,07.00,14.00,07.00,14.00,07.00,14.00,07.00,14.00,07.00,14.00
189,ChIJcx431slXei4RaCxwf1VderQ,11.00,18.00,11.00,18.00,11.00,18.00,11.00,18.00,11.00,18.00,11.00,18.00,07.00,15.00
190,ChIJud7zM9hXei4RPbbEE7GyUuc,09.30,15.00,Close,Close,09.30,15.00,09.30,15.00,09.30,15.00,09.30,15.00,09.30,15.00
191,ChIJ1YQj6o9Xei4Ra86bw1zxmHM,17.00,23.00,17.00,23.00,17.00,23.00,17.00,23.00,17.00,23.00,17.00,23.00,17.00,23.00
192,ChIJf3iH8pBXei4R_oCFHVA-gSk,18.00,23.59,18.00,23.59,18.00,23.59,18.00,23.59,18.00,23.59,18.00,23.59,Close,Close
193,ChIJrWxw2RBXei4Rfc1WYdsDe2Q,17.00,22.00,17.00,22.00,17.00,22.00,17.00,22.00,17.00,22.00,17.00,22.00,17.00,22.00
194,ChIJp5m44EtXei4RwgoWXrdz_Cs,08.00,23.00,08.00,23.00,08.00,23.00,08.00,23.00,08.00,23.00,08.00,23.00,08.00,23.00
195,ChIJN1uZAtXjei4RlVT8vPJ5up4,06.00,17.00,06.00,17.00,06.00,17.00,06.00,17.00,06.00,17.00,06.00,17.00,06.00,17.00
196,ChIJIUp0Ldfjei4R8ZckxhTEhQQ,05.00,22.00,05.00,22.00,05.00,22.00,05.00,22.00,05.00,22.00,05.00,22.00,05.00,22.00
197,ChIJa5WKCSvjei4RQMsefzPqpoI,05.30,23.00,05.30,23.00,05.30,23.00,05.30,23.00,05.30,23.00,05.30,23.00,05.30,23.00
198,ChIJOawQTR3jei4RZWem3I1GX1U,,,,,,,,,,,,,,
199,ChIJWWHyIXHjei4RQ8lsnYhV9JE,,,,,,,,,,,,,,
200,ChIJOS-pD43jei4R_3wj4dggRiQ,00.00,23.59,00.00,23.59,00.00,23.59,00.00,23.59,00.00,23.59,00.00,23.59,00.00,23.59
201,ChIJS2Wn74bjei4RIysQYsLqhHU,07.00,18.00,07.00,18.00,07.00,18.00,07.00,18.00,07.00,18.00,07.00,18.00,07.00,18.00
202,ChIJU-mjYm7jei4RKHXQd_6o15I,,,,,,,,,,,,,,
203,ChIJdyb3r5bjei4RFnzWAsdXXEU,07.00,22.00,07.00,19.00,07.00,22.00,07.00,22.00,07.00,22.00,07.00,22.00,07.00,22.00
204,ChIJX6u9Na_lei4R_R1Ws3JNCDo,14.00,00.00,14.00,00.00,14.00,00.00,14.00,00.00,14.00,00.00,14.00,00.00,Close,Close
205,ChIJu_bH1NXlei4RtMuaNudPpMk,09.00,22.00,09.00,22.00,09.00,22.00,09.00,22.00,09.00,22.00,09.00,22.00,09.00,22.00
206,ChIJtwxBbAbjei4RwEME-Csmkrw,08.00,21.00,08.00,21.00,08.00,21.00,08.00,21.00,08.00,21.00,08.00,21.00,08.00,21.00
207,ChIJzz8Kp8jlei4RkevG0tF1qMM,11.00,21.00,11.00,21.00,11.00,21.00,11.00,21.00,11.00,21.00,11.00,21.00,11.00,21.00
208,ChIJc485JOfjei4RgwFH0sL7t5I,,,,,,,,,,,,,,
209,ChIJO8S-DKflei4RHosJQIrfqmU,,,,,,,,,,,,,,
210,ChIJ-_yJLIjjei4R-11Vhbvo-YI,07.00,20.00,07.00,20.00,07.00,20.00,07.00,20.00,07.00,20.00,07.00,20.00,07.00,20.00
211,ChIJ2QHZnrzlei4R1-l_xKGchiw,,,,,,,,,,,,,,
212,ChIJqTkh25tZei4RArDcuobkOd0,,,,,,,,,,,,,,
213,ChIJzcwe25tZei4RJYI_emOhhow,10.00,22.00,10.00,22.00,10.00,22.00,10.00,22.00,10.00,22.00,10.00,22.00,10.00,22.00
214,ChIJ_VWGOd9Zei4RGphcYh2El_E,Close,Close,11.00,23.00,11.00,23.00,11.00,23.00,11.00,23.00,Close,Close,Close,Close
215,ChIJt2PG1ZtZei4REnoJywd4IAI,10.00,20.00,10.00,20.00,10.00,20.00,10.00,20.00,10.00,20.00,10.00,20.00,10.00,20.00
216,ChIJ1QFds_ZZei4RnpmR9Uwmgjc,10.00,18.00,10.00,18.00,10.00,18.00,10.00,18.00,10.00,18.00,10.00,18.00,Close,Close
217,ChIJeRiIrwFZei4RGx6be67F-o8,06.00,10.00,06.00,10.00,06.00,10.00,06.00,10.00,06.00,10.00,06.00,10.00,Close,Close
218,ChIJO4kFstFZei4RL_qPXxD4Ca8,08.00,21.00,08.00,21.00,08.00,21.00,08.00,21.00,08.00,21.00,08.00,21.00,08.00,21.00
219,ChIJRWfCBPRZei4RPfi2PSkLiZE,,,,,,,,,,,,,,
220,ChIJHWdmWJlZei4RkOkw1sIDXeY,Close,Close,07.00,10.00,07.00,10.00,07.00,10.00,07.00,10.00,07.00,10.00,07.00,10.00
221,ChIJvzMt5OBZei4RiALJAMxEPyQ,18.00,04.00,18.00,04.00,18.00,04.00,18.00,04.00,18.00,00.00,16.00,10.00,18.00,04.00
222,ChIJde0ogXVZei4RHaUQmj-bnPo,10.00,22.00,10.00,22.00,10.00,22.00,10.00,22.00,10.00,22.00,10.00,22.00,10.00,22.00
223,ChIJrzh2wY1Zei4RgjTJhLUiNM4,10.00,22.00,10.00,22.00,10.00,22.00,10.00,22.00,10.00,22.00,10.00,22.00,10.00,22.00
224,ChIJt6hL6T1Zei4R0Rrug12_cgA,16.00,02.00,16.00,02.00,16.00,02.00,16.00,02.00,16.00,02.00,16.00,02.00,16.00,02.00
225,ChIJkSiPUQZZei4RtET1fz9IPj8,09.00,22.00,09.00,22.00,09.00,22.00,09.00,22.00,09.00,22.00,09.00,22.00,09.00,22.00
226,ChIJ_0wF-JtZei4RgYVpTA18vxY,10.00,22.00,10.00,22.00,10.00,22.00,10.00,22.00,10.00,22.00,10.00,22.00,10.00,22.00
227,ChIJO_935EhZei4Ra95gJQ75TJ8,08.00,19.00,08.00,19.00,08.00,19.00,08.00,19.00,08.00,19.00,08.00,18.30,Close,Close
228,ChIJTzJ8dKVZei4RB5NCECD6XUk,,,,,,,,,,,,,,
229,ChIJG1EuGPRZei4R5a09OXvdaIA,10.00,21.00,10.00,21.00,10.00,21.00,10.00,21.00,10.00,21.00,10.00,21.00,10.00,21.00
230,ChIJdz4lkJtZei4RvPfnV1JkZWE,09.00,20.00,09.00,20.00,09.00,20.00,09.00,20.00,09.00,20.00,09.00,20.00,Close,Close
231,ChIJWVjCnfVZei4RZZuwit_iDuc,,,,,,,,,,,,,,
232,ChIJU4QlnBxZei4RdIcfqaZ55po,,,,,,,,,,,,,,
233,ChIJKQX4iYZZei4RhCBjuGoZ1BU,17.00,22.00,17.00,22.00,17.00,22.00,17.00,22.00,17.00,22.00,17.00,22.00,17.00,22.00
234,ChIJ2TtDk7RZei4ReYQCDlV3fFY,09.00,17.00,09.00,17.00,09.00,17.00,09.00,17.00,09.00,17.00,Close,Close,Close,Close
235,ChIJdTyDMeZZei4RlRet81pF5KY,17.00,23.00,17.00,23.00,17.00,23.00,17.00,23.00,17.00,23.00,17.00,23.00,17.00,23.00
236,ChIJx9SnEUtYei4RcwITP4p9v2s,17.00,21.30,17.00,21.30,17.00,21.30,17.00,21.30,Close,Close,17.00,21.30,17.00,21.30
237,ChIJ1SLyE7RZei4RLhcqh_8utMI,08.00,21.00,08.00,21.00,08.00,21.00,08.00,21.00,08.00,21.00,08.00,21.00,08.00,21.00
238,ChIJgbkslQNZei4R_Zohzj3lgVY,16.30,22.30,16.30,22.30,16.30,22.30,16.30,22.30,16.30,22.30,16.30,22.30,16.30,22.30
239,ChIJ236W0kdZei4R-ADtGTXSdO8,18.00,22.00,18.00,22.00,18.00,22.00,18.00,22.00,18.00,22.00,18.00,22.00,18.00,22.00
240,ChIJE--CcbhZei4Ra17zN6LULhY,17.00,21.00,17.00,21.00,17.00,21.00,17.00,21.00,17.00,21.00,17.00,21.00,17.00,21.00
241,ChIJIcrX5cxZei4RrDvVLOerqPc,16.30,23.00,16.30,23.00,16.30,23.00,16.30,23.00,16.30,23.00,16.30,23.00,16.30,23.00
242,ChIJfQyR15xZei4RMPyuMnYJ3P0,07.30,17.00,07.30,17.00,07.30,17.00,07.30,17.00,07.30,17.00,07.30,17.00,Close,Close
243,ChIJ4_nXAY5Zei4RPNQAM6QJrLM,06.30,17.00,06.30,17.00,06.30,17.00,06.30,17.00,06.30,17.00,Close,Close,Close,Close
244,ChIJ8Z8uOzRYei4RlcQtD0KXIAY,10.00,21.00,10.00,21.00,10.00,21.00,10.00,21.00,10.00,21.00,10.00,21.00,10.00,21.00
245,ChIJf9MAObRZei4RUew1n52hm94,10.00,02.00,10.00,02.00,10.00,02.00,10.00,02.00,10.00,02.00,10.00,02.00,10.00,02.00
246,ChIJ11o4okxYei4RSHW9Oy7Su1Y,18.00,23.30,Close,Close,18.00,23.30,18.00,23.30,18.00,23.30,18.00,23.30,18.00,23.30
247,ChIJ1d9wAUtYei4R-z0FAHihfvo,17.00,22.00,17.00,22.00,17.00,22.00,17.00,22.00,17.00,22.00,17.00,22.00,17.00,22.00
248,ChIJ39cqbEtYei4RHRGWQl2IbKM,16.30,23.30,16.30,23.30,16.30,23.30,16.30,23.30,16.30,23.30,16.30,23.30,16.30,23.30
249,ChIJPYtHhMJZei4RXDEAGoZZKts,17.00,21.30,17.00,21.30,17.00,21.30,17.00,21.30,17.00,21.30,17.00,21.30,17.00,21.30
250,ChIJ_YRyhLNZei4RnqbnfvoI_Z8,15.00,21.00,15.00,21.00,15.00,21.00,15.00,21.00,15.00,21.00,15.00,21.00,15.00,21.00
251,ChIJIanDDLZZei4R8Cz3HuFr3hk,07.00,16.00,07.00,16.00,07.00,16.00,07.00,16.00,07.00,16.00,07.00,16.00,Close,Close
252,ChIJn5jCRLZZei4RlBWsv3ZXN-0,06.00,23.59,06.00,23.59,06.00,23.59,06.00,23.59,06.00,23.59,06.00,23.59,06.00,23.59
253,ChIJb6MEM6hZei4R9FVMs3QGNq4,10.00,22.00,10.00,22.00,10.00,22.00,10.00,22.00,10.00,22.00,10.00,22.00,10.00,22.00
254,ChIJUeEE2slZei4Rlp-CGmwIaUc,08.00,16.30,08.00,16.30,08.00,16.30,08.00,16.30,08.00,16.30,10.00,15.00,Close,Close
255,ChIJv5qUWpxZei4Rkt7JK-UzdIw,16.00,22.00,16.00,22.00,16.00,22.00,16.00,22.00,16.00,22.00,16.00,22.00,16.00,22.00
256,ChIJn9RU77ZZei4RIa9uXw78Fes,08.00,16.00,08.00,16.00,08.00,16.00,08.00,16.00,08.00,16.00,08.00,16.00,Close,Close
257,ChIJZ845TMZZei4RT4Ca0IcGM74,09.00,17.00,09.00,17.00,09.00,17.00,09.00,17.00,09.00,17.00,09.00,17.00,09.00,17.00
258,ChIJX9wibbZZei4RCbm22UPvxFg,07.00,16.00,07.00,16.00,07.00,16.00,07.00,16.00,07.00,16.00,07.00,16.00,Close,Close
259,ChIJUxnXybdZei4RYosQ9jD-YRQ,08.00,23.00,08.00,23.00,08.00,23.00,08.00,23.00,08.00,23.00,08.00,23.00,08.00,23.00
260,ChIJXxTNiUNZei4RX1EpsVps6_w,14.00,22.00,14.00,22.00,14.00,22.00,14.00,22.00,14.00,22.00,14.00,22.00,Close,Close
261,ChIJR7oZAZRZei4R_AqFaJwTfpI,09.00,17.00,09.00,17.00,09.00,17.00,09.00,17.00,09.00,17.00,Close,Close,Close,Close
262,ChIJfTcweslZei4R0JNcx15gGzM,10.00,21.00,10.00,21.00,10.00,21.00,10.00,21.00,13.00,21.30,10.00,21.30,10.00,21.30
263,ChIJn12cwRNZei4R6Wws7uOX3NE,09.00,17.30,09.00,17.30,09.00,17.30,09.00,17.30,09.00,17.30,09.00,17.30,09.00,17.30
264,ChIJRbHAzMtZei4RgWEeKYXh6ro,10.00,22.00,10.00,22.00,10.00,22.00,10.00,22.00,10.00,22.00,10.00,22.00,10.00,22.00
265,ChIJ1cq3bLZZei4Rq_ULt8se8ag,00.00,23.59,00.00,23.59,00.00,23.59,00.00,23.59,00.00,23.59,00.00,23.59,00.00,23.59
266,ChIJewuuerZZei4RlFwBPKMKZ9M,06.00,16.00,06.00,16.00,06.00,16.00,06.00,16.00,06.00,16.00,06.00,16.00,06.00,16.00
267,ChIJu0zY0stZei4RfVGKoW1ZkS0,07.00,21.00,07.00,21.00,07.00,21.00,07.00,21.00,07.00,21.00,07.00,21.00,07.00,21.00
268,ChIJsaV9aslZei4RZPqZ1MSVUkw,10.00,22.00,10.00,22.00,10.00,22.00,10.00,22.00,13.00,22.00,10.00,22.00,10.00,22.00
269,ChIJWZsKtbdZei4RiDMKHAOWMCw,08.00,19.00,08.00,19.00,08.00,19.00,08.00,19.00,08.00,19.00,08.00,19.00,Close,Close
270,ChIJvzkLFQuqey4RzhqFCc_-fCI,07.00,20.00,07.00,20.00,07.00,20.00,07.00,20.00,07.00,20.00,07.00,20.00,07.00,20.00
271,ChIJjXrmGp8Aey4Rysm50gAKDdg,Close,Close,14.00,22.00,14.00,22.00,14.00,22.00,15.00,22.00,14.00,22.00,14.00,22.00
272,ChIJ_VfL2J8Aey4RMC_b5OZnjG8,00.00,23.59,00.00,23.59,00.00,23.59,00.00,23.59,00.00,23.59,00.00,23.59,00.00,23.59
273,ChIJndeKsp8Aey4RjFVuQj2EzLs,00.00,23.59,00.00,23.59,00.00,23.59,00.00,23.59,00.00,23.59,00.00,23.59,00.00,23.59
274,ChIJCcdssJ8Aey4RIucT-ey2X2M,05.00,21.00,05.00,21.00,05.00,21.00,05.00,21.00,05.00,21.00,00.00,23.59,05.00,21.00
275,ChIJCYzy7WcBey4RKnt_BoXHEBI,00.00,23.59,00.00,23.59,00.00,23.59,00.00,23.59,00.00,23.59,00.00,23.59,00.00,23.59
276,ChIJucj1dcoBey4RF5ElatIpyMI,,,,,,,,,,,,,,
277,ChIJU-h6RD8Bey4RPC-SO7WgdKM,00.00,23.59,00.00,23.59,00.00,23.59,00.00,23.59,00.00,23.59,00.00,23.59,00.00,23.59
278,ChIJF17y-p8Aey4ReSIFmqnc-Ro,08.00,18.00,08.00,18.00,08.00,18.00,08.00,18.00,08.00,18.00,08.00,18.00,08.00,18.00
279,ChIJT1rOTHWqey4RIS1Uae9RT6c,,,,,,,,,,,,,,
280,ChIJd3kWswqqey4R0A9CUjYljE0,07.00,21.00,07.00,21.00,07.00,21.00,07.00,21.00,07.00,21.00,07.00,21.00,07.00,21.00
281,ChIJIUVffToBey4RxBa785KpZww,00.00,23.59,00.00,23.59,00.00,23.59,00.00,23.59,00.00,23.59,00.00,23.59,00.00,23.59
282,ChIJO5DDVdmrey4RXbDmH2OTbKk,,,,,,,,,,,,,,
283,ChIJpx5iqMarey4R29ROHeHWtQ8,06.00,00.00,06.00,00.00,06.00,00.00,06.00,00.00,06.00,00.00,00.00,23.59,00.00,23.59
284,ChIJ-9eoTHWqey4RJijgMwhjRyA,06.00,22.00,06.00,22.00,06.00,22.00,06.00,22.00,06.00,22.00,06.00,22.00,06.00,22.00
285,ChIJKS7QtAqqey4Rb5tS63UASUM,00.00,23.59,00.00,23.59,00.00,23.59,00.00,23.59,00.00,23.59,00.00,23.59,00.00,23.59
286,ChIJo8q8PJkAey4Roz99qNY_ttA,06.00,01.00,06.00,01.00,06.00,01.00,06.00,01.00,06.00,01.00,06.00,01.00,06.00,01.00
287,ChIJaRi2c0mrey4RG1hIMZgdcKQ,00.00,23.59,00.00,23.59,00.00,23.59,00.00,23.59,00.00,23.59,00.00,23.59,00.00,23.59
288,ChIJ6wiRQ58Bey4RqV2n-R0nBwo,06.00,21.00,06.00,21.00,06.00,21.00,06.00,21.00,06.00,21.00,00.00,23.59,06.00,21.00
289,ChIJNdend-Jaei4R11NHh3TifEc,Close,Close,08.00,18.00,08.00,18.00,08.00,18.00,08.00,18.00,08.00,18.00,08.00,18.00
290,ChIJXw3E1B9bei4R2l_wqM70q9o,09.00,21.00,09.00,21.00,09.00,21.00,09.00,21.00,09.00,21.00,09.00,21.00,09.00,21.00
291,ChIJq5BpvY1bei4R7KGpQs62yYo,16.00,23.00,16.00,23.00,16.00,23.00,16.00,23.00,16.00,23.00,16.00,23.00,16.00,23.00
292,ChIJLx29Mx5bei4RJazU5dipgPI,06.30,21.00,06.30,21.00,06.30,21.00,06.30,21.00,06.30,21.00,06.30,21.00,06.30,21.00
293,ChIJyyUP0vJaei4RxZ4gRZNhOcI,07.00,20.00,07.00,20.00,07.00,20.00,07.00,20.00,07.00,20.00,07.00,20.00,07.00,20.00
294,ChIJV6WlVuBaei4R4LdQ306fWcQ,07.00,16.00,07.00,16.00,07.00,16.00,07.00,16.00,07.00,16.00,07.00,16.00,Close,Close
295,ChIJSZOSV-5aei4RP2iks11A8wc,06.00,17.00,06.00,17.00,06.00,17.00,06.00,17.00,06.00,17.00,06.00,17.00,06.00,17.00
296,ChIJv3EPWxZbei4R6tgug9i5sik,10.00,19.30,10.00,19.30,10.00,19.30,10.00,19.30,10.00,21.00,10.00,21.00,10.00,21.00
297,ChIJL7H7j2hbei4R_3QOQjy_DJ4,06.00,15.00,06.00,15.00,06.00,15.00,06.00,15.00,06.00,15.00,06.00,15.00,06.00,15.00
298,ChIJ-YsB5eJaei4R4u9P73I8J3E,,,,,,,,,,,,,,
299,ChIJSTAzC8xbei4RiFBZ429qFCI,00.00,23.59,00.00,23.59,00.00,23.59,00.00,23.59,00.00,23.59,00.00,23.59,00.00,23.59
300,ChIJobg3mC5bei4RHq5_NCkoJGg,10.00,18.00,10.00,18.00,10.00,18.00,10.00,18.00,09.00,17.30,10.00,18.00,10.00,18.00
301,ChIJ2VNmSORaei4RETYPISkVPdE,09.00,21.00,09.00,21.00,09.00,21.00,09.00,21.00,09.00,21.00,09.00,21.00,09.00,21.00
302,ChIJhb04heNbei4RJgohU1fNpWc,07.00,16.00,07.00,16.00,07.00,16.00,07.00,16.00,07.00,16.00,07.00,16.00,07.00,16.00
303,ChIJIYvZm-Zaei4RFFrMb4vComA,09.00,21.00,09.00,21.00,09.00,21.00,09.00,21.00,09.00,21.00,09.00,21.00,09.00,21.00
304,ChIJS75pfA1bei4Rimw0jQyvU6A,10.30,20.30,10.30,20.30,10.30,20.30,10.30,20.30,Close,Close,10.30,20.30,10.30,20.30
305,ChIJe1EgS61bei4RWRJ33gTF3zc,11.00,21.00,11.00,21.00,11.00,21.00,11.00,21.00,13.00,21.00,13.00,21.00,11.00,21.00
306,ChIJQ_-1P-daei4RY0zUxNIFlLU,05.30,17.00,05.30,17.00,05.30,17.00,05.30,17.00,05.30,17.00,05.30,17.00,05.30,17.00
307,ChIJAzr9i91aei4RNFASW7eHfnI,17.05,03.00,17.05,03.00,17.05,03.00,17.05,03.00,17.05,03.00,17.05,03.00,17.05,03.00
308,ChIJ9bs_E2Bbei4RGFSws7jwgxg,16.00,01.00,16.00,01.00,16.00,01.00,16.00,01.00,16.00,01.00,16.00,01.00,16.00,01.00
309,ChIJtckhKH9bei4RXcgaE15s-Aw,09.00,23.30,09.00,23.30,09.00,23.30,09.00,23.30,09.00,23.30,09.00,23.30,Close,Close
310,ChIJIUGoHhNbei4RBncoV5EdCGM,09.00,20.00,09.00,20.00,09.00,20.00,09.00,20.00,09.00,20.00,09.00,20.00,Close,Close
311,ChIJL0dCPbBbei4RW1xkLR2eF6c,,,,,,,,,,,,,,
312,ChIJNQFFAu5bei4ReH7Iy9XSKKw,00.00,23.59,00.00,23.59,00.00,23.59,00.00,23.59,00.00,23.59,00.00,23.59,00.00,23.59
313,ChIJ28WaB4Zbei4RHnvW9fVBL9U,,,,,,,,,,,,,,
314,ChIJS2ErzzNbei4R57aV-9XqHQI,,,,,,,,,,,,,,
315,ChIJ9ejkQcNbei4RegDpbjzzVRg,,,,,,,,,,,,,,
316,ChIJk3PtsMhbei4Rrw4dOQGrNYo,,,,,,,,,,,,,,
317,ChIJSQwX1GJRei4R_34D8-GBghk,,,,,,,,,,,,,,
318,ChIJRz1-F-BRei4RTuhaw0gy118,,,,,,,,,,,,,,
319,ChIJ-dg2e55bei4R2NFzQbFGu80,,,,,,,,,,,,,,
320,ChIJmScjDrJFei4RgfsVdAKkIAY,08.00,20.00,08.00,20.00,08.00,20.00,08.00,20.00,08.00,20.00,08.00,21.00,08.00,20.00
321,ChIJkarDbydRei4Rt23_nGFTQ_E,10.00,21.00,10.00,21.00,10.00,21.00,10.00,21.00,13.00,21.00,10.00,21.00,10.00,21.00
322,ChIJcZ0Ocvtbei4RA0oni-J1lJQ,,,,,,,,,,,,,,
323,ChIJXa1H0iZRei4RFCMGe6Cq1iQ,16.00,22.00,16.00,22.00,16.00,22.00,16.00,22.00,16.00,22.00,16.00,22.00,16.00,22.00
324,ChIJDfcdarBbei4RMIPfgVcJ_8U,,,,,,,,,,,,,,
325,ChIJGxiQHPVbei4Rfu4PSfH0SSo,10.00,18.00,10.00,18.00,10.00,18.00,10.00,18.00,10.00,18.00,10.00,18.00,10.00,18.00
326,ChIJbbKlBQdbei4RZHMyjwkJYGQ,00.00,23.59,00.00,23.59,00.00,23.59,00.00,23.59,00.00,23.59,00.00,23.59,00.00,23.59
327,ChIJ-S-FxAZbei4Rdf1ECy_-xNE,,,,,,,,,,,,,,
328,ChIJY6GDKL2rey4R-n_eG4iYQWM,08.00,19.00,08.00,19.00,08.00,19.00,08.00,19.00,08.00,19.00,07.00,19.00,07.00,19.00
329,ChIJJdrijK8Bey4RLJd-873sz5w,21.00,03.00,21.00,03.00,21.00,03.00,21.00,03.00,21.00,03.00,21.00,03.00,21.00,03.00
330,ChIJiVBSrs4Bey4R3RKWmbnwIao,00.00,23.59,00.00,23.59,00.00,23.59,00.00,23.59,00.00,23.59,00.00,23.59,00.00,23.59
331,ChIJV11G-y4Bey4RYQPKYY1gUOc,,,,,,,,,,,,,,
332,ChIJqTPFQnEBey4R9tR8vperQC0,08.00,04.00,08.00,04.00,08.00,04.00,08.00,04.00,08.00,04.00,08.00,04.00,08.00,00.00
333,ChIJwdzAGB0Bey4R3PGnSu5Kfjo,10.00,02.00,10.00,02.00,10.00,02.00,10.00,02.00,10.00,02.00,10.00,03.00,10.00,02.00
334,ChIJn6lUEjsBey4RF_q5xwJV-wA,00.00,23.59,00.00,23.59,00.00,23.59,00.00,23.59,00.00,23.59,00.00,23.59,00.00,23.59
335,ChIJzYawTdcBey4R4WoPUTs2xNU,09.00,02.00,09.00,02.00,09.00,02.00,09.00,02.00,09.00,02.00,09.00,02.00,09.00,02.00
336,ChIJeTmrspABey4RduuVLiRax84,00.00,23.59,00.00,23.59,00.00,23.59,00.00,23.59,00.00,23.59,00.00,23.59,00.00,23.59
337,ChIJ16DYWAsBey4RqS-UoUnoX6s,00.00,23.59,00.00,23.59,00.00,23.59,00.00,23.59,00.00,23.59,00.00,23.59,00.00,23.59
338,ChIJ6TZkt4EBey4RTSF7kRQtZww,16.00,05.00,16.00,05.00,16.00,05.00,16.00,05.00,16.00,05.00,16.00,05.00,16.00,05.00
339,ChIJK267UEYBey4RamHV9IVnTQ4,00.00,23.59,00.00,23.59,00.00,23.59,00.00,23.59,00.00,23.59,00.00,23.59,00.00,23.59
340,ChIJKfybfCerey4Rlo5RzghOieM,,,,,,,,,,,,,,
341,ChIJ8-oBu1UBey4R_xc3BLEjhfo,00.00,23.59,00.00,23.59,00.00,23.59,00.00,23.59,00.00,23.59,00.00,23.59,00.00,23.59
342,ChIJzRJJzqIBey4Rb_-C8fFfHKM,00.00,23.59,00.00,23.59,00.00,23.59,00.00,23.59,00.00,23.59,00.00,23.59,00.00,23.59
343,ChIJ60RrSfgBey4RnRYQWzCoEl8,,,,,,,,,,,,,,
344,ChIJw0odVxABey4RYYJqRXWWaD0,00.00,23.59,00.00,23.59,00.00,23.59,00.00,23.59,00.00,23.59,00.00,23.59,00.00,23.59
345,ChIJuT8N7kIBey4R0ABbRM91MtM,,,,,,,,,,,,,,
346,ChIJwdfv6VcBey4RYYB5P9NosvQ,Close,Close,Close,Close,Close,Close,Close,Close,Close,Close,Close,Close,11.00,22.00
347,ChIJ8-qojNEBey4RmgEnXPbw63o,,,,,,,,,,,,,,
348,ChIJQUqhIOhZei4RHW_sV3lUIms,00.00,23.59,00.00,23.59,00.00,23.59,00.00,23.59,00.00,23.59,00.00,23.59,00.00,23.59
349,ChIJd81Ktl5Zei4R54QV1DCbauA,10.00,19.00,10.00,19.00,10.00,19.00,10.00,19.00,10.00,19.00,10.00,19.00,Close,Close
350,ChIJXWuYlUZZei4Rkg5yarJjXp4,08.00,22.00,08.00,22.00,08.00,22.00,08.00,22.00,08.00,22.00,08.00,22.00,08.00,22.00
351,ChIJl3imDFRZei4RfuFCQvMBQ2U,16.00,23.00,16.00,23.00,16.00,23.00,16.00,23.00,16.00,23.00,16.00,23.00,16.00,23.00
352,ChIJAQP5ON5Zei4RKyH5Zu3y-E4,12.00,21.00,12.00,21.00,12.00,21.00,12.00,21.00,12.00,23.00,12.00,23.00,12.00,23.00
353,ChIJkxFrDHZZei4R3KwdLUfzSwI,21.00,03.00,21.00,03.00,21.00,03.00,21.00,03.00,21.00,03.00,21.00,03.00,21.00,03.00
354,ChIJl6tDx8dZei4RfA88ffLXnDc,10.00,23.00,10.00,23.00,10.00,23.00,10.00,23.00,10.00,23.00,10.00,23.00,10.00,23.00
355,ChIJ6cH-QttZei4RqYeB-SLOijo,,,,,,,,,,,,,,
356,ChIJ_d1vMLRZei4RqqiLlJteR38,08.00,23.00,08.00,23.00,08.00,23.00,08.00,23.00,08.00,23.00,08.00,23.00,08.00,23.00
357,ChIJx9si9MVZei4R7k80s8E6a3Q,06.00,23.00,06.00,23.00,06.00,23.00,06.00,23.00,06.00,23.00,06.00,23.00,06.00,23.00
358,ChIJY0ksac5Zei4RPbHv7M30PhM,20.00,03.00,20.00,03.00,20.00,03.00,20.00,03.00,20.00,03.00,20.00,03.00,20.00,03.00
359,ChIJjUI2c6FZei4RXPvloZqRxlw,10.00,21.00,10.00,21.00,10.00,21.00,10.00,21.00,10.00,21.00,10.00,21.00,10.00,21.00
360,ChIJm-Y01qpZei4RBbzEQdCI1js,17.00,00.00,17.00,00.00,17.00,00.00,17.00,00.00,17.00,00.00,17.00,00.00,17.00,00.00
361,ChIJHfSeNgNZei4RT3WiyG3HX_U,15.00,02.00,15.00,02.00,15.00,02.00,15.00,02.00,15.00,02.00,15.00,02.00,15.00,02.00
362,ChIJW3YBzrhZei4R1BDCDA3cHh8,00.00,23.59,00.00,23.59,Close,Close,00.00,23.59,00.00,23.59,00.00,23.59,00.00,23.59
363,ChIJrRdWW29Zei4RPhAl8ZjSWrA,09.00,21.00,09.00,21.00,09.00,21.00,09.00,21.00,09.00,21.00,09.00,21.00,09.00,21.00
364,ChIJNQpt3s1Zei4Rled2g7J-wNg,10.00,23.00,10.00,23.00,10.00,23.00,10.00,23.00,10.00,23.00,10.00,23.00,10.00,23.00
365,ChIJ7d_nCsBZei4R4nM70A44-UE,18.00,02.00,18.00,02.00,18.00,02.00,18.00,02.00,18.00,02.00,18.00,02.00,18.00,02.00
366,ChIJd76-x3pZei4RmOP4SiDA1sE,10.00,23.00,10.00,23.00,10.00,23.00,10.00,23.00,10.00,23.00,10.00,23.00,10.00,23.00
367,ChIJzXaqSjJYei4RYf7_5RITA9Y,11.00,00.00,11.00,00.00,11.00,00.00,11.00,00.00,11.00,00.00,11.00,00.00,11.00,02.00
368,ChIJAeuqm2FZei4RXqZWUJ0q8-E,,,,,,,,,,,,,,
369,ChIJxbpgRkhYei4Ri0J5gvxo4CE,09.00,00.00,09.00,00.00,09.00,00.00,09.00,00.00,09.00,01.00,09.00,01.00,09.00,00.00
370,ChIJ91iEjvhZei4R2_1_4IMeUz8,00.00,23.59,00.00,23.59,00.00,23.59,00.00,23.59,00.00,23.59,00.00,23.59,Close,Close
371,ChIJi3ZIy-BZei4RspLBMARAtPw,,,,,,,,,,,,,,
372,ChIJp4drRkhYei4RD0sGJEwVJLw,07.00,23.00,07.00,23.00,07.00,23.00,07.00,23.00,07.00,23.00,07.00,23.00,07.00,23.00
373,ChIJlUDN8zBYei4RQ1NeDlgcJu0,10.00,01.00,10.00,01.00,10.00,01.00,10.00,01.00,10.00,01.00,10.00,01.00,10.00,01.00
374,ChIJGeQIabpZei4Rnvaisu9UCYU,,,,,,,,,,,,,,
375,ChIJ51nfgEFZei4RJwcTMc5VXW4,16.00,00.00,16.00,00.00,16.00,00.00,16.00,00.00,16.00,01.00,15.00,01.00,15.00,00.00
376,ChIJbc2bgURYei4RAw8upAxTexE,17.00,05.00,17.00,05.00,17.00,05.00,17.00,05.00,17.00,05.00,17.00,05.00,17.00,05.00
377,ChIJwZuRJzJYei4R8E5x55dY6xs,11.00,02.00,11.00,02.00,11.00,02.00,11.00,02.00,11.00,02.00,11.00,02.00,11.00,02.00
378,ChIJz8NNJzpYei4R9Wh7rwSq9cY,17.00,01.00,17.00,01.00,17.00,01.00,17.00,01.00,17.00,02.00,17.00,02.00,17.00,01.00
379,ChIJi_28PCZZei4Rd2RjxWugI1U,Close,Close,Close,Close,Close,Close,Close,Close,Close,Close,Close,Close,00.00,23.59
380,ChIJcV4i2S9Zei4Rd4jlQhl4wxE,12.00,01.00,12.00,01.00,12.00,01.00,12.00,01.00,12.00,01.00,12.00,01.00,12.00,01.00
381,ChIJ-xzGzCNZei4RL3HQ031ZSTQ,,,,,,,,,,,,,,
382,ChIJHytZNZRZei4RRbqBOVA3qW8,18.00,02.00,18.00,02.00,18.00,02.00,18.00,02.00,18.00,02.00,18.00,02.00,18.00,02.00
383,ChIJK6gSTSZZei4RB6HyO0-oBQ0,,,,,,,,,,,,,,
384,ChIJX27m_aNZei4RWpf-xMwyb4Y,00.00,23.59,00.00,23.59,00.00,23.59,00.00,23.59,00.00,23.59,00.00,23.59,00.00,23.59
385,ChIJd7M66J1Zei4RVqoL_YKHkeg,,,,,,,,,,,,,,
386,ChIJG8e4JItZei4RAQzK2ekxR7E,10.00,19.00,10.00,19.00,10.00,19.00,10.00,19.00,10.00,19.00,10.00,19.00,10.00,19.00
387,ChIJa4xFOZNZei4RddSVY-39S8s,17.00,01.00,17.00,01.00,17.00,01.00,17.00,01.00,17.00,02.00,17.00,02.00,17.00,01.00
388,ChIJEe7JtIhZei4RPBfE4ZOuJJk,11.00,00.00,11.00,00.00,11.00,00.00,11.00,00.00,11.00,00.00,11.00,00.00,Close,Close
389,ChIJhzv4cOpZei4Rjwb_QkB36Do,,,,,,,,,,,,,,
390,ChIJzdIkjZxZei4RgAq0Zm4aqic,10.00,20.00,10.00,20.00,10.00,20.00,10.00,20.00,10.00,20.00,10.00,20.00,10.00,20.00
391,ChIJSfaHNt1Zei4RJP_H_U8UH-U,10.00,18.00,10.00,18.00,10.00,18.00,10.00,18.00,10.00,18.00,10.00,18.00,Close,Close
392,ChIJi9Qm7vFZei4RnsV1O-cof0Q,20.00,03.00,20.00,03.00,20.00,03.00,20.00,03.00,20.00,03.00,20.00,03.00,20.00,03.00
393,ChIJW3EnJZVZei4RzSCwIN529nM,20.00,03.00,20.00,03.00,20.00,03.00,20.00,03.00,20.00,03.00,20.00,03.00,20.00,03.00
394,ChIJswAgycJZei4RcK9qV-dm1uo,16.00,00.00,16.00,00.00,16.00,00.00,16.00,00.00,16.00,03.00,16.00,03.00,17.00,00.00
395,ChIJ51du8_JZei4Rew9VMC2ahw0,,,,,,,,,,,,,,
396,ChIJ67G__uHjei4RPv1RLQDmgrs,08.00,17.00,08.00,17.00,08.00,17.00,08.00,17.00,08.00,17.00,08.00,17.00,08.00,17.00
397,ChIJnZxtbwHkei4RPdBS_5QOaKE,,,,,,,,,,,,,,
398,ChIJERLaFYvjei4RLLokgrg7kH8,06.00,18.00,06.00,18.00,06.00,18.00,06.00,18.00,06.00,18.00,06.00,18.00,06.00,18.00
399,ChIJ9WRgXEnlei4RPwu6gLY7CU8,,,,,,,,,,,,,,
400,ChIJIYxNkC7lei4RbHiHGxHTtrE,,,,,,,,,,,,,,
401,ChIJg_IxfvLlei4R0h3WceeDW5s,,,,,,,,,,,,,,
402,ChIJoYkKaT3lei4RaQpG_uwVPFA,,,,,,,,,,,,,,
403,ChIJf6kM4Ljlei4RIqe4-3pVqaY,,,,,,,,,,,,,,
404,ChIJA9fPd8Tlei4RnqDGJ9Jljro,,,,,,,,,,,,,,
405,ChIJceqm803nei4RGV5zRWPHRIQ,Close,Close,09.00,17.00,09.00,17.00,09.00,17.00,09.00,17.00,09.00,17.00,09.00,17.00
406,ChIJ__OA4J3lei4RHlfB85vTctc,,,,,,,,,,,,,,
407,ChIJCfxrxdPjei4R5O1EBSra9kc,Close,Close,00.00,23.59,00.00,23.59,00.00,23.59,00.00,23.59,00.00,23.59,00.00,23.59
408,ChIJkZLtXYnlei4RbQfhZ7h5JOA,08.00,17.00,09.00,17.00,09.00,17.00,09.00,17.00,09.00,17.00,09.00,17.00,Close,Close
409,ChIJ8fe9dU3jei4R0Bo8Bj7fB40,00.00,23.59,00.00,23.59,00.00,23.59,00.00,23.59,00.00,23.59,00.00,23.59,00.00,23.59
410,ChIJuW7XgJ7lei4Rq-s9fASvLuM,,,,,,,,,,,,,,
411,ChIJWevCApL7ei4RwvVHOXTwNIU,09.00,22.00,09.00,22.00,09.00,22.00,09.00,22.00,09.00,22.00,09.00,22.00,09.00,22.00
412,ChIJKSiNE1P7ei4RUbjISywZ1M0,00.00,23.59,00.00,23.59,00.00,23.59,00.00,23.59,00.00,23.59,00.00,23.59,00.00,23.59
413,ChIJ4xtUIdDlei4ROmMqJadW3dQ,,,,,,,,,,,,,,
414,ChIJk6VB34zjei4Rw_4P1T9yWrU,10.00,21.00,10.00,21.00,10.00,21.00,10.00,21.00,10.00,21.00,10.00,21.00,10.00,21.00
415,ChIJwfr0wE_9ei4R8R-Ct8dhnBY,09.00,21.00,09.00,21.00,09.00,21.00,09.00,21.00,09.00,21.00,09.00,21.00,09.00,21.00
416,ChIJwU2d2ChXei4RmtoP3c2jfkk,00.00,23.59,00.00,23.59,00.00,23.59,00.00,23.59,00.00,23.59,00.00,23.59,00.00,23.59
417,ChIJMSmclXdXei4RxtARZWx6D1c,,,,,,,,,,,,,,
418,ChIJmSsxmKlXei4RJNvynhAcGMg,18.00,03.00,18.00,03.00,18.00,03.00,18.00,03.00,18.00,03.00,18.00,03.00,18.00,03.00
419,ChIJA1b2MI5Xei4RJQMO4yQxsTI,17.30,03.00,17.30,03.00,17.30,03.00,17.30,03.00,17.30,03.00,17.30,03.00,17.30,03.00
420,ChIJ1RIoAgtXei4RI2EP4klJSyU,15.00,23.00,15.00,23.00,15.00,23.00,15.00,23.00,15.00,23.00,15.00,23.00,15.00,23.00
421,ChIJB0PGU4ZXei4RXVvl9Sw3wbc,17.00,00.00,17.00,00.00,17.00,00.00,17.00,00.00,17.00,00.00,10.00,00.00,10.00,00.00
422,ChIJdY4LOE1Xei4R_ghYXyzalsI,,,,,,,,,,,,,,
423,ChIJ84Xf7vFXei4RnaXpeptQJY4,,,,,,,,,,,,,,
424,ChIJQQGD3pdXei4RRrkGUjr4yt4,18.00,02.00,18.00,03.00,18.00,02.00,18.00,02.00,18.00,02.00,18.00,03.30,15.30,03.00
425,ChIJWb6eK5pXei4RXXR2gj4TfEo,11.00,02.00,11.00,02.00,11.00,02.00,11.00,02.00,11.00,02.00,11.00,02.00,11.00,02.00
426,ChIJu4La5qJXei4Rv_tS1ldTqms,15.00,00.00,15.00,00.00,15.00,00.00,15.00,00.00,15.00,01.00,15.00,01.00,15.00,00.00
427,ChIJ791vStZXei4R7YfuNYJNEyI,18.00,01.00,18.00,01.00,18.00,01.00,18.00,01.00,18.00,01.00,18.00,02.00,18.00,01.00
428,ChIJG80h4P9Xei4RJSRcDOo4FXU,,,,,,,,,,,,,,
429,ChIJJwl9foJZei4R8rih3U24x7Y,,,,,,,,,,,,,,
430,ChIJEfwpIKNXei4RiBsfs58ffE0,11.00,23.00,11.00,23.00,11.00,23.00,11.00,23.00,11.00,23.00,11.00,23.00,11.00,23.00
431,ChIJkwYg67NXei4Rv__3q1i7tP0,00.00,23.59,00.00,23.59,00.00,23.59,00.00,23.59,00.00,23.59,01.10,11.45,Close,Close
432,ChIJiX8on8ZXei4R-OWPshxZbj8,,,,,,,,,,,,,,
433,ChIJVe9XvYdXei4Rl9kv2eczkh4,08.00,21.00,08.00,21.00,08.00,21.00,08.00,21.00,08.00,21.00,08.00,21.00,08.00,21.00
434,ChIJ-YSIVXJXei4RruOW9y8zbV4,,,,,,,,,,,,,,
435,ChIJj4NxStBXei4R0_Z0OLFUQB4,16.00,01.00,16.00,01.00,16.00,01.00,16.00,01.00,16.00,01.00,16.00,01.00,16.00,01.00
436,ChIJLWQAcH9Zei4RicSfBkmuJD8,12.00,20.30,12.00,20.30,Close,Close,12.00,20.30,12.00,20.30,12.00,20.30,12.00,20.30
437,ChIJqSyWw8dZei4R-pE7g-a8Fnk,08.30,00.00,08.30,00.00,08.30,00.00,08.30,00.00,08.30,00.00,08.30,00.00,08.30,00.00
438,ChIJdz5d9yNYei4RWuToEFCOXoQ,19.00,02.00,19.00,02.00,19.00,02.00,19.00,02.00,19.00,03.00,19.00,03.00,19.00,02.00
439,ChIJZ7oSsilZei4RQzPho6UmQeo,06.26,16.27,06.26,16.27,06.26,16.27,06.26,16.27,06.26,16.27,06.26,16.27,06.26,16.27
440,ChIJFW9moyZYei4RyydF4VnJZgw,17.00,02.00,17.00,02.00,17.00,02.00,17.00,02.00,17.00,02.00,17.00,02.00,17.00,02.00
441,ChIJDa6R0phZei4REkUe6pMgBtc,,,,,,,,,,,,,,
442,ChIJR9H98Q1Zei4REhZz0vK_KBA,17.00,00.00,Close,Close,Close,Close,17.00,00.00,17.00,00.00,17.00,00.00,17.00,00.00
443,ChIJ5Smbr4hXei4RusVOLfvkF7A,Close,Close,00.00,23.59,00.00,23.59,00.00,23.59,00.00,23.59,00.00,23.59,00.00,23.59
444,ChIJXy8klKFZei4RF1nHZEzZ2So,,,,,,,,,,,,,,
445,ChIJ9TaF7DpYei4RtQ2l9Ud0fd4,,,,,,,,,,,,,,
446,ChIJa1PzdTBYei4RmTA-8EqMr9A,11.00,01.00,11.00,01.00,11.00,01.00,11.00,01.00,11.00,01.00,11.00,01.00,11.00,01.00
447,ChIJ3SIrLCZYei4RRa7OiqvDiyM,11.00,02.00,11.00,02.00,11.00,02.00,11.00,02.00,11.00,02.00,11.00,02.00,11.00,02.00
448,ChIJ2wIiATBYei4RfQlQAqkm-KA,15.00,23.00,15.00,23.00,15.00,23.00,15.00,23.00,15.00,23.00,15.00,23.00,15.00,23.00
449,ChIJedKoWaNXei4RcGvvUrCm5oo,16.00,00.00,16.00,00.00,16.00,00.00,16.00,00.00,16.00,00.00,16.00,01.00,15.00,00.00
450,ChIJa9Wyqa5Zei4RlHRFXr6zAoM,,,,,,,,,,,,,,
451,ChIJjU9NTCRYei4RJMKv7vPCTyg,00.00,23.59,00.00,23.59,00.00,23.59,00.00,23.59,00.00,23.59,00.00,23.59,00.00,23.59
452,ChIJqd4OJsNZei4RcU1HLcMt4Ao,00.00,23.59,00.00,23.59,00.00,23.59,00.00,23.59,00.00,23.59,00.00,23.59,00.00,23.59
453,ChIJmWD4RAhZei4R5i9fjT9I944,15.00,23.00,15.00,23.00,15.00,23.00,15.00,23.00,15.00,23.00,15.00,23.00,15.00,23.00
454,ChIJ8SyahhxZei4R1qjSEHKF4xE,09.00,00.00,09.00,00.00,09.00,00.00,09.00,00.00,09.00,00.00,09.00,00.00,09.00,00.00
455,ChIJRcW3nNRZei4RjdZ7dEhnHqM,00.00,23.59,00.00,23.59,00.00,23.59,00.00,23.59,00.00,23.59,00.00,23.59,00.00,23.59
456,ChIJEVFlWFRZei4RMglG_1lCv_k,07.00,23.00,07.00,23.00,07.00,23.00,07.00,23.00,07.00,23.00,07.00,23.00,07.00,23.00
457,ChIJ_WKkLNxXei4R7Jh9_wrcp9U,16.00,22.00,16.00,22.00,16.00,22.00,16.00,22.00,16.00,22.00,16.00,22.00,16.00,22.00
458,ChIJl1DJyt5Zei4Rvz_yPQeMcf8,00.00,23.59,00.00,23.59,00.00,23.59,00.00,23.59,00.00,23.59,00.00,23.59,00.00,23.59
459,ChIJjf3V6rxXei4R0lNHoFphUss,09.00,23.00,09.00,23.00,09.00,23.00,09.00,23.00,09.00,23.00,09.00,23.00,09.00,23.00
460,ChIJ85eDjCxYei4RRK5nUHFbqT0,00.00,23.59,00.00,23.59,00.00,23.59,00.00,23.59,00.00,23.59,00.00,23.59,00.00,23.59
461,ChIJT802CndXei4RnbV0q9GPMfc,00.00,23.59,00.00,23.59,00.00,23.59,00.00,23.59,00.00,23.59,00.00,23.59,00.00,23.59
462,ChIJt_YonklZei4Rs83js1UVf4U,08.00,02.00,08.00,02.00,08.00,02.00,08.00,02.00,08.00,02.00,08.00,02.00,08.00,02.00
463,ChIJIW4v2s1Zei4R9WVw7URxr8o,11.00,22.00,11.00,22.00,11.00,22.00,11.00,22.00,11.00,22.00,11.00,22.00,13.00,22.00
464,ChIJxUnNYSVYei4RWxF9CIWisck,00.00,23.59,00.00,23.59,00.00,23.59,00.00,23.59,00.00,23.59,00.00,23.59,00.00,05.00
465,ChIJa3boizxZei4RJ0nb9dg5uEw,19.00,23.00,19.00,23.00,19.00,23.00,Close,Close,19.00,23.00,19.00,23.30,19.00,23.00
466,ChIJWz07LiRZei4RrpxzXLNxN0w,00.00,23.59,00.00,23.59,00.00,23.59,00.00,23.59,00.00,23.59,00.00,23.59,00.00,23.59
467,ChIJX8PK_Y1lei4R6_pnyqugFwM,,,,,,,,,,,,,,
468,ChIJIVxbSylnei4R4EkHXfdi-qU,09.00,16.00,09.00,16.00,09.00,16.00,09.00,16.00,09.00,16.00,08.00,17.00,08.00,17.00
469,ChIJb6sdaShhei4RaBwyTM7oNFs,08.00,19.00,08.00,19.00,08.00,19.00,08.00,19.00,08.00,19.00,08.00,19.00,08.00,19.30
470,ChIJxR4VJpxhei4RuFk2wiZxHXs,00.00,23.59,00.00,23.59,00.00,23.59,00.00,23.59,00.00,23.59,00.00,23.59,00.00,23.59
471,ChIJlbzFzDpnei4RWu-ObWHlalo,08.00,21.00,08.00,21.00,08.00,21.00,08.00,21.00,08.00,21.00,08.00,21.00,08.00,21.00
472,ChIJkU8On0lnei4R1bl-m8NihlQ,00.00,23.59,08.00,17.59,08.00,17.00,08.00,17.00,08.00,17.00,08.59,17.00,08.00,17.00
473,ChIJMzSC0U5nei4RETescYq5Tuk,07.30,20.00,07.30,20.00,07.30,20.00,07.30,20.00,07.30,20.00,07.30,20.00,07.30,20.00
474,ChIJ1beRqy5nei4Rb8hhglt1uZA,08.00,17.00,08.00,17.00,08.00,17.00,08.00,17.00,08.00,17.00,08.00,17.00,08.00,17.00
475,ChIJiScNOSxnei4R2sSfvWW23mI,07.00,02.00,07.00,02.00,07.00,02.00,07.00,02.00,07.00,02.00,07.00,02.00,07.00,00.00
476,ChIJJ0kngM1gei4R9Lx2Kp9WMSY,Close,Close,09.30,16.30,09.30,16.30,09.30,16.30,09.30,16.30,09.30,16.30,09.30,16.30
477,ChIJC5I4ZLFgei4R7Ji7IYz_OKs,09.00,20.30,09.00,20.30,09.00,20.30,09.00,20.30,09.00,20.30,09.00,20.30,09.00,20.30
478,ChIJU5eve41nei4RgkY7uLR4OE8,09.00,21.00,09.00,21.00,09.00,21.00,09.00,21.00,09.00,21.00,09.00,21.00,09.00,21.00
479,ChIJz8b_3FFnei4RyQzP4v9c3nM,,,,,,,,,,,,,,
480,ChIJN3wIRyxnei4RCI2ifPV6nEU,07.30,20.00,07.30,20.00,07.30,20.00,07.30,20.00,07.30,20.00,07.30,20.00,07.30,20.00
481,ChIJVx1O7vhdei4RwFxkVhym2RA,07.00,21.00,07.00,21.00,07.00,21.00,07.00,21.00,07.00,21.00,07.00,21.00,07.00,21.00
482,ChIJu-N07Fdnei4RjraVCHptiAY,10.00,18.00,10.00,18.00,10.00,18.00,10.00,18.00,10.00,18.00,10.00,18.00,10.00,18.00
483,ChIJAwdDUDJnei4RsIpX8iHl_kI,08.00,17.00,08.00,17.00,08.00,17.00,08.00,17.00,08.00,17.00,08.00,17.00,08.00,17.00
484,ChIJSdeHgMtgei4R_8HH_ZIqET4,08.00,21.00,08.00,21.00,08.00,21.00,08.00,21.00,08.00,21.00,08.00,21.00,08.00,21.00
485,ChIJ2RN9_2Bnei4RdD0ODTbeVY8,10.00,21.00,10.00,21.00,10.00,21.00,10.00,21.00,10.00,21.00,08.00,21.00,08.00,21.00
486,ChIJoRnH3Ytdei4RBmV3hmsRsi4,16.30,01.30,16.30,01.30,16.30,01.30,16.30,01.30,16.30,01.30,16.30,01.30,16.30,01.30
487,ChIJ0ehoQfRfei4R7SKi49o9hSk,09.00,23.30,09.00,23.30,09.00,23.30,09.00,23.30,09.00,23.30,Close,Close,09.00,23.30
488,ChIJq8zJLyhfei4RBsyL7HhtMEA,10.00,20.00,10.00,20.00,10.00,20.00,10.00,20.00,10.00,20.00,10.00,21.00,10.00,21.00
489,ChIJk55zvl9Zei4RTL6iW_hIJE8,10.00,00.30,10.00,00.30,10.00,00.30,10.00,00.30,10.00,00.30,10.00,00.30,10.00,00.30
490,ChIJh7FUo-pZei4RvJF4ihJ3maE,15.00,00.00,15.00,00.00,15.00,00.00,15.00,00.00,15.00,00.00,15.00,00.00,15.00,00.00
491,ChIJkZA6XWO1ey4RsBeg5G9mX_Y,,,,,,,,,,,,,,
492,ChIJtVoSXVyzey4RVZsXBV4FdD0,08.00,23.00,08.00,23.00,08.00,23.00,08.00,23.00,08.00,23.00,08.00,23.00,08.00,23.00
493,ChIJ07cHoVKzey4Rmq9OpZg54xk,08.00,00.00,08.00,00.00,08.00,00.00,08.00,00.00,08.00,02.00,08.00,02.00,08.00,02.00
494,ChIJwbGA-wCzey4RzTlhLBNAgvs,08.00,00.00,08.00,00.00,08.00,00.00,08.00,00.00,08.00,00.00,08.00,00.00,08.00,00.00
495,ChIJ65V2IV2zey4RTnoqMPh0nNY,18.00,00.00,18.00,00.00,18.00,00.00,18.00,00.00,18.00,00.00,18.00,00.00,Close,Close
496,ChIJAd_fLEOzey4REvhX95u2-sc,08.00,00.00,08.00,00.00,08.00,00.00,08.00,00.00,08.00,00.00,08.00,00.00,08.00,00.00
497,ChIJc2Jhi9hNei4Rq5WuZ7BpZ8M,,,,,,,,,,,,,,
498,ChIJkQkZm_Kzey4RQ5X0G9VFYk0,10.00,01.00,10.00,01.00,10.00,01.00,10.00,01.00,10.00,01.00,10.00,01.00,10.00,01.00
499,ChIJJZ9uvvWzey4R-WiEp2DzxXE,19.00,22.00,19.00,22.00,19.00,22.00,19.00,22.00,19.00,22.00,19.00,22.00,19.00,22.00
500,ChIJ79o2gnCzey4REJJ9F-p8JG4,,,,,,,,,,,,,,
501,ChIJ_6nr6z-zey4R26gme5cvfFg,10.00,00.00,10.00,00.00,10.00,00.00,10.00,00.00,10.00,00.00,10.00,00.00,10.00,00.00
502,ChIJD68624qzey4RqyfJmpyTDto,00.00,23.59,00.00,23.59,00.00,23.59,00.00,23.59,00.00,23.59,00.00,23.59,00.00,23.59
503,ChIJ7zrnEsqzey4RcvAXC0Pl46E,07.00,23.00,07.00,23.00,07.00,23.00,07.00,23.00,07.00,23.00,07.00,23.00,07.00,23.00
504,ChIJVRpSvmVJei4R6pjSBKM3Bg4,,,,,,,,,,,,,,
505,ChIJPw_DVQO1ey4RJ8zknYN6eIc,00.00,23.59,00.00,23.59,00.00,23.59,00.00,23.59,00.00,23.59,00.00,23.59,00.00,23.59
506,ChIJoTRfLvxNei4Rh14lFYUU0q8,09.00,05.00,09.00,05.00,09.00,05.00,09.00,05.00,09.00,05.00,09.00,05.00,09.00,05.00
507,ChIJIb_J58uzey4RQrREa7APLVU,17.00,00.00,17.00,00.00,17.00,00.00,17.00,00.00,17.00,00.00,17.00,00.00,17.00,00.00
508,ChIJKVwqYEWzey4RD5JYvOOOGgE,11.00,21.00,11.00,21.00,11.00,21.00,11.00,21.00,13.00,21.00,11.00,21.30,14.00,21.30
509,ChIJGaumkBpLei4ROxSwfo03bd0,08.00,22.00,08.00,22.00,08.00,22.00,08.00,22.00,08.00,22.00,08.00,22.00,08.00,22.00
510,ChIJKyz6-UGzey4RS0hYdoMgWyg,17.00,23.00,17.00,23.00,17.00,23.00,17.00,23.00,17.00,23.00,17.00,23.00,17.00,23.00
511,ChIJH1d8l11Lei4RO4CtrphMyWU,,,,,,,,,,,,,,
512,ChIJWyeUmD1Lei4RDUmk4Me3RnQ,07.00,21.00,07.00,21.00,07.00,21.00,07.00,21.00,07.00,21.00,07.00,21.00,07.00,21.00
513,ChIJKzg1tcRLei4Rgs3Nkygb_nc,,,,,,,,,,,,,,
514,ChIJp3J9PiNLei4R12QjF26T0N4,,,,,,,,,,,,,,
515,ChIJZ2c-RxK1ey4RPYqaToDztJ8,16.00,00.00,16.00,00.00,16.00,00.00,16.00,00.00,16.00,00.00,16.00,00.00,Close,Close
516,ChIJ8fnq61ZLei4RhQv8BUXkQVY,09.00,21.00,09.00,21.00,09.00,21.00,09.00,21.00,09.00,21.00,09.00,21.00,09.00,21.00
517,ChIJyQU7ifi1ey4RLk1g0POwpfY,09.00,21.00,09.00,21.00,09.00,21.00,09.00,21.00,09.00,21.00,09.00,21.00,09.00,21.00
518,ChIJMwP2z7BMei4RHQFGaNTEMzQ,17.00,23.00,17.00,23.00,17.00,23.00,17.00,23.00,17.00,23.00,17.00,23.00,17.00,23.00
519,ChIJJb8wMyZNei4Riyg9t1c5D1o,07.00,21.30,07.00,21.30,07.00,21.30,07.00,21.30,07.00,21.30,07.00,21.30,07.00,21.30
520,ChIJi84m0Fq0ey4RLhxt2103kAE,08.00,18.00,08.00,18.00,08.00,18.00,08.00,18.00,08.00,18.00,08.00,18.00,08.00,18.00
521,ChIJ_-k-ih9Nei4RmXhse9O5CHw,09.00,19.00,09.00,19.00,09.00,19.00,09.00,19.00,09.00,19.00,09.00,21.00,09.00,21.00
522,ChIJMzEAfmmzey4RxXdP9GcDgLA,,,,,,,,,,,,,,
523,ChIJ4SmfZ3Gzey4RpPQUGiGr7sU,09.00,20.00,09.00,20.00,09.00,20.00,09.00,20.00,09.00,20.00,09.00,20.00,09.00,20.00
524,ChIJGybWGGazey4RNf1PvIJ6Vw4,09.00,21.00,09.00,21.00,09.00,21.00,09.00,21.00,09.00,21.00,09.00,21.00,09.00,21.00
525,ChIJg8Ex4nhNei4RnfsSWH7S36A,09.00,22.00,09.00,22.00,09.00,22.00,09.00,22.00,09.00,22.00,09.00,22.00,09.00,22.00
526,ChIJY9ugDkNNei4RYkoF4gNhD88,10.00,22.00,08.00,22.00,08.00,22.00,08.00,22.00,08.00,22.00,08.00,22.00,08.00,22.00
527,ChIJHTFUwtC1ey4RI7WA_E3g0-E,08.00,21.00,08.00,21.00,08.00,21.00,08.00,21.00,08.00,21.00,08.00,21.00,08.00,21.00
528,ChIJO92UhBWzey4RicUe0c7KtOU,08.30,15.00,08.30,15.00,08.30,15.00,08.30,15.00,08.30,15.00,08.30,15.00,08.30,15.00
529,ChIJH8qJ92izey4RF7fnh1txyfw,06.00,21.00,06.00,21.00,06.00,21.00,06.00,21.00,06.00,21.00,06.00,21.00,06.00,21.00
530,ChIJQ2Zt5OWzey4RTUjITUCbTTI,08.00,21.00,08.00,21.00,08.00,21.00,08.00,21.00,08.00,21.00,08.00,21.00,08.30,11.45
531,ChIJg6tNztpLei4Rhgr-nu25c_o,,,,,,,,,,,,,,
532,ChIJ9z5ahuO1ey4R-UzlLn4SObc,Close,Close,Close,Close,Close,Close,Close,Close,00.00,23.59,Close,Close,Close,Close
533,ChIJKXI_9UVLei4Ry5ESQFYK7qM,00.00,23.59,00.00,23.59,00.00,23.59,00.00,23.59,Close,Close,00.00,23.59,00.00,23.59
534,ChIJV3OgjLxLei4RlYh7PT90Yn4,00.00,23.59,00.00,23.59,00.00,23.59,00.00,23.59,00.00,23.59,00.00,23.59,00.00,23.59
535,ChIJFYuzM5VLei4Rc_ixnj3fzOc,Close,Close,Close,Close,Close,Close,Close,Close,Close,Close,Close,Close,00.00,23.59
536,ChIJAUC43qpLei4RKDScIdkWTrQ,17.00,23.00,17.00,23.00,17.00,23.00,17.00,23.00,17.00,23.00,17.00,23.00,17.00,23.00
537,ChIJ0a5RWDC1ey4RCUa5qUKCHkU,,,,,,,,,,,,,,
538,ChIJ7eEUlVFLei4RZEnzwEI594I,00.00,23.59,00.00,23.59,00.00,23.59,00.00,23.59,00.00,23.59,00.00,23.59,00.00,23.59
539,ChIJuVZTqYpLei4RrODYQ4mfu_k,,,,,,,,,,,,,,
540,ChIJhdFyKvhNei4R41JNlKEF3pU,,,,,,,,,,,,,,
541,ChIJR7wkE1y1ey4RsI5y7HOKppo,,,,,,,,,,,,,,
542,ChIJmc40HHi1ey4R8-M2BAxmCcA,,,,,,,,,,,,,,
543,ChIJkXXgBilLei4RssrsVkKkz9s,,,,,,,,,,,,,,
544,ChIJB6wLFWVLei4RM8iEt8nWGHg,00.00,23.59,00.00,23.59,00.00,23.59,00.00,23.59,00.00,23.59,00.00,23.59,00.00,23.59
545,ChIJHeeut2FNei4R1UkzR0KYdt4,09.00,17.00,00.00,23.59,00.00,23.59,Close,Close,09.00,17.00,09.00,17.00,00.00,23.59
546,ChIJ9bR2cARNei4RGT_bEf77qyk,,,,,,,,,,,,,,
547,ChIJNyTTyIK1ey4RvIRJaw8eSFk,,,,,,,,,,,,,,
548,ChIJbUgs4BZLei4RM6q6BWRgIQQ,,,,,,,,,,,,,,
549,ChIJ29d7H1VLei4REVfbBPkULPA,12.00,03.00,12.00,03.00,12.00,03.00,12.00,03.00,12.00,03.00,12.00,03.00,12.00,03.00
550,ChIJn69MZXm1ey4RdBcckJestyQ,,,,,,,,,,,,,,
